{
    "accuracy": 0.873913882988994,
    "macro_precision": 0.7936112186694142,
    "macro_recall": 0.8480798822725283,
    "macro_f1": 0.7958893491571337,
    "weighted_f1": 0.8782450056912167,
    "experiment": "ex1_real",
    "threshold": "thr20",
    "train_rows": 41431,
    "test_rows": 10358,
    "total_classes_train": 55,
    "total_classes_test": 55,
    "evaluated_classes": 55
}