{
    "accuracy": 0.9913995308835027,
    "macro_precision": 0.9777581569599572,
    "macro_recall": 0.9507899735259969,
    "macro_f1": 0.9609464064377625,
    "weighted_f1": 0.9912361268948299,
    "experiment": "ex1_real",
    "threshold": "thr50",
    "train_rows": 40925,
    "test_rows": 10232,
    "total_classes_train": 33,
    "total_classes_test": 33,
    "evaluated_classes": 33
}