{
    "accuracy": 0.9879287219773903,
    "macro_precision": 0.9465432118546824,
    "macro_recall": 0.941749033959598,
    "macro_f1": 0.9376337714052754,
    "weighted_f1": 0.9878340782833281,
    "experiment": "ex1_real",
    "threshold": "thr10",
    "train_rows": 41752,
    "test_rows": 10438,
    "total_classes_train": 85,
    "total_classes_test": 85,
    "evaluated_classes": 85
}