{
    "accuracy": 0.6622715013485166,
    "macro_precision": 0.7343609179596755,
    "macro_recall": 0.814323754142841,
    "macro_f1": 0.7350311723492415,
    "weighted_f1": 0.7075140977621103,
    "experiment": "ex2_synth_to_real",
    "threshold": "thr10",
    "model": "knn",
    "train_rows": 684096,
    "test_rows": 6674,
    "total_classes_synthetic": 391,
    "total_classes_test": 85,
    "evaluated_classes": 72
}