{
    "accuracy": 0.6650007572315614,
    "macro_precision": 0.7356620207216518,
    "macro_recall": 0.7931716363612045,
    "macro_f1": 0.7268178046846931,
    "weighted_f1": 0.7096023063703424,
    "experiment": "ex2_synth_to_real",
    "threshold": "thr20",
    "model": "knn",
    "train_rows": 415518,
    "test_rows": 6603,
    "total_classes_synthetic": 391,
    "total_classes_test": 55,
    "evaluated_classes": 45
}