,precision,recall,f1-score,support
actinolite,0.008633093525179856,1.0,0.017118402282453638,12.0
albite,0.96996996996997,0.9938461538461538,0.9817629179331308,325.0
andalusite,0.7894736842105263,1.0,0.8823529411764706,15.0
chloroapatite,0.9545454545454546,1.0,0.9767441860465116,63.0
chromite,1.0,0.9550898203592815,0.9770290964777948,334.0
diopside,0.9965156794425087,0.5925414364640884,0.7431788653096578,1448.0
dolomite,1.0,1.0,1.0,32.0
enstatite,0.9825119236883942,0.46747352496217853,0.6335212711430036,1322.0
fayalite,0.6219512195121951,0.4636363636363636,0.53125,110.0
forsterite,0.9966777408637874,0.9216589861751152,0.9577015163607342,1302.0
grossular,0.5882352941176471,0.8333333333333334,0.6896551724137931,12.0
kaersutite,0.4074074074074074,0.7586206896551724,0.5301204819277109,29.0
leucite,0.9637681159420289,0.95,0.9568345323741008,140.0
muscovite,0.9829059829059829,0.9871244635193133,0.9850107066381156,233.0
orthoclase,0.993421052631579,0.949685534591195,0.9710610932475884,159.0
pargasite,0.5625,0.6,0.5806451612903226,15.0
perovskite,0.9897959183673469,1.0,0.9948717948717949,97.0
quartz,0.9824561403508771,0.9491525423728814,0.9655172413793104,59.0
richterite,0.5373134328358209,0.8372093023255814,0.6545454545454545,43.0
rutile,1.0,1.0,1.0,83.0
sodalite,0.8,0.875,0.835820895522388,32.0
titanite,0.9941520467836257,0.947075208913649,0.9700427960057061,359.0
tschermakite,0.0,0.0,0.0,11.0
zircon,1.0,0.9878048780487805,0.9938650306748467,246.0
accuracy,0.7605307822866841,0.7605307822866841,0.7605307822866841,0.7605307822866841
macro avg,0.7967597565458472,0.836218843258462,0.7845270649008703,6481.0
weighted avg,0.9719235798014331,0.7605307822866841,0.8340838295427787,6481.0
