{
    "accuracy": 0.9881203295650508,
    "macro_precision": 0.9452219775917315,
    "macro_recall": 0.9080246297203852,
    "macro_f1": 0.918701562286636,
    "weighted_f1": 0.987160971475116,
    "experiment": "ex1_real",
    "threshold": "thr10",
    "train_rows": 41752,
    "test_rows": 10438,
    "total_classes_train": 85,
    "total_classes_test": 85,
    "evaluated_classes": 85
}