{
    "accuracy": 0.559327264311063,
    "macro_precision": 0.653196836352686,
    "macro_recall": 0.5853177002339968,
    "macro_f1": 0.5567162016027988,
    "weighted_f1": 0.5068872411633623,
    "experiment": "ex2_synth_to_real",
    "threshold": "thr50",
    "model": "decision_tree",
    "train_rows": 207961,
    "test_rows": 6481,
    "total_classes_synthetic": 391,
    "total_classes_test": 33,
    "evaluated_classes": 24
}