{
    "accuracy": 0.9901290070367474,
    "macro_precision": 0.9670591763862936,
    "macro_recall": 0.9620377700215023,
    "macro_f1": 0.9640630701988325,
    "weighted_f1": 0.9901100553820189,
    "experiment": "ex1_real",
    "threshold": "thr50",
    "train_rows": 40925,
    "test_rows": 10232,
    "total_classes_train": 33,
    "total_classes_test": 33,
    "evaluated_classes": 33
}