{
    "accuracy": 0.22050583068302287,
    "macro_precision": 0.6592315986474913,
    "macro_recall": 0.5717572733842933,
    "macro_f1": 0.5336445194516656,
    "weighted_f1": 0.2360134755824245,
    "experiment": "ex2_synth_to_real",
    "threshold": "thr20",
    "model": "naive_bayes",
    "train_rows": 415518,
    "test_rows": 6603,
    "total_classes_synthetic": 391,
    "total_classes_test": 55,
    "evaluated_classes": 45
}