,precision,recall,f1-score,support
actinolite,0.010300429184549357,1.0,0.020390824129141887,12.0
albite,0.9202279202279202,0.9938461538461538,0.9556213017751479,325.0
andalusite,0.8333333333333334,1.0,0.9090909090909091,15.0
chloroapatite,0.9545454545454546,1.0,0.9767441860465116,63.0
chromite,0.993920972644377,0.9790419161676647,0.9864253393665159,334.0
diopside,0.9978700745473909,0.6470994475138122,0.7850858818600754,1448.0
dolomite,1.0,1.0,1.0,32.0
enstatite,0.5920826161790017,0.5204236006051437,0.5539452495974235,1322.0
fayalite,0.35353535353535354,0.9545454545454546,0.515970515970516,110.0
forsterite,1.0,0.5245775729646698,0.68816120906801,1302.0
grossular,0.6666666666666666,0.8333333333333334,0.7407407407407407,12.0
kaersutite,0.9473684210526315,0.6206896551724138,0.75,29.0
leucite,0.8896551724137931,0.9214285714285714,0.9052631578947369,140.0
muscovite,0.9716312056737588,0.5879828326180258,0.732620320855615,233.0
orthoclase,0.6088709677419355,0.949685534591195,0.742014742014742,159.0
pargasite,1.0,0.13333333333333333,0.23529411764705882,15.0
perovskite,1.0,1.0,1.0,97.0
quartz,0.9821428571428571,0.9322033898305084,0.9565217391304348,59.0
richterite,1.0,0.20930232558139536,0.34615384615384615,43.0
rutile,1.0,1.0,1.0,83.0
sodalite,0.6785714285714286,0.59375,0.6333333333333333,32.0
titanite,0.9884057971014493,0.9498607242339833,0.96875,359.0
tschermakite,0.0,0.0,0.0,11.0
zircon,1.0,0.9878048780487805,0.9938650306748467,246.0
accuracy,0.6910970529239315,0.6910970529239315,0.6910970529239315,0.6910970529239315
macro avg,0.8078803612734126,0.7641211968256018,0.7248330185562336,6481.0
weighted avg,0.880429869114731,0.6910970529239315,0.7533969580683879,6481.0
