{
    "accuracy": 0.6910970529239315,
    "macro_precision": 0.8078803612734126,
    "macro_recall": 0.7641211968256018,
    "macro_f1": 0.7248330185562336,
    "weighted_f1": 0.7533969580683879,
    "experiment": "ex2_synth_to_real",
    "threshold": "thr50",
    "model": "random_forest",
    "train_rows": 207961,
    "test_rows": 6481,
    "total_classes_synthetic": 391,
    "total_classes_test": 33,
    "evaluated_classes": 24
}