{
    "accuracy": 0.9887043830855378,
    "macro_precision": 0.9479714583487254,
    "macro_recall": 0.951352967749754,
    "macro_f1": 0.947852923533102,
    "weighted_f1": 0.9887445090977302,
    "experiment": "ex1_real",
    "threshold": "thr20",
    "train_rows": 41431,
    "test_rows": 10358,
    "total_classes_train": 55,
    "total_classes_test": 55,
    "evaluated_classes": 55
}